-- Test data population for e-commerce analytics project
START TRANSACTION;

INSERT INTO users (username, email, registration_date, city, total_orders, total_spent) VALUES
('alice', 'alice@example.com', '2022-11-05', 'Moscow', 15, 1850.40),
('bob', 'bob@example.com', '2022-12-12', 'Saint Petersburg', 18, 2145.60),
('carol', 'carol@example.com', '2023-01-20', 'Novosibirsk', 11, 1322.15),
('dave', 'dave@example.com', '2023-02-02', 'Yekaterinburg', 9, 980.35),
('eve', 'eve@example.com', '2023-02-19', 'Kazan', 6, 745.90),
('frank', 'frank@example.com', '2023-03-04', 'Chelyabinsk', 14, 1674.00),
('grace', 'grace@example.com', '2023-03-25', 'Omsk', 7, 812.70),
('heidi', 'heidi@example.com', '2023-04-01', 'Samara', 13, 1788.55),
('ivan', 'ivan@example.com', '2023-04-15', 'Rostov-on-Don', 5, 590.20),
('judy', 'judy@example.com', '2023-05-09', 'Ufa', 10, 1099.99),
('ken', 'ken@example.com', '2023-05-22', 'Krasnoyarsk', 12, 1468.80),
('laura', 'laura@example.com', '2023-06-02', 'Perm', 8, 905.45),
('mallory', 'mallory@example.com', '2023-06-18', 'Voronezh', 16, 1932.75),
('ned', 'ned@example.com', '2023-07-01', 'Volgograd', 9, 988.30),
('olivia', 'olivia@example.com', '2023-07-11', 'Krasnodar', 6, 702.90),
('peggy', 'peggy@example.com', '2023-07-25', 'Saratov', 7, 830.50),
('quinn', 'quinn@example.com', '2023-08-05', 'Tyumen', 11, 1210.70),
('rita', 'rita@example.com', '2023-08-17', 'Tolyatti', 10, 1189.80),
('steve', 'steve@example.com', '2023-08-28', 'Izhevsk', 5, 560.60),
('trudy', 'trudy@example.com', '2023-09-06', 'Barnaul', 4, 445.30);

INSERT INTO categories (category_name, parent_category_id) VALUES
('Electronics', NULL),
('Computers', 1),
('Smartphones', 1),
('Accessories', 1),
('Home Appliances', NULL),
('Kitchen', 5),
('Wearables', 1),
('Audio', 1),
('Gaming', 2),
('Furniture', NULL),
('Outdoor', NULL),
('Sports Tech', 11),
('Smart Home', 5),
('Photography', 1),
('Books', NULL),
('Kids', NULL),
('Beauty Tech', 5),
('Health', NULL),
('Office Supplies', NULL),
('Automotive', NULL);

INSERT INTO products (product_name, category_id, price, stock_quantity, average_rating, created_at) VALUES
('Ultrabook Aero 13', 2, 899.99, 45, 4.7, '2023-01-15'),
('Gaming Laptop Titan', 9, 1299.50, 30, 4.9, '2023-02-01'),
('Noise Cancelling Headphones', 8, 199.99, 80, 4.5, '2023-01-28'),
('Smartphone Nova X', 3, 699.00, 100, 4.6, '2023-03-12'),
('Smartwatch Pulse', 7, 249.90, 120, 4.4, '2023-02-20'),
('Bluetooth Speaker Boom', 8, 149.50, 150, 4.3, '2023-02-02'),
('4K Action Camera', 14, 349.99, 60, 4.2, '2023-03-05'),
('Robot Vacuum CleanPro', 13, 429.00, 55, 4.1, '2023-03-30'),
('Air Fryer ProCook', 6, 179.99, 70, 4.5, '2023-04-10'),
('Ergonomic Office Chair', 10, 299.99, 40, 4.0, '2023-04-25'),
('Wireless Keyboard Slim', 4, 89.90, 90, 4.2, '2023-05-01'),
('Noise Sensor SmartHome', 13, 129.99, 65, 4.1, '2023-05-15'),
('DSLR Camera Lens', 14, 599.00, 25, 4.8, '2023-05-18'),
('Smart Thermostat', 13, 159.99, 75, 4.4, '2023-05-30'),
('Portable Projector', 1, 499.00, 50, 4.3, '2023-06-05'),
('Fitness Tracker Pro', 7, 139.50, 110, 4.2, '2023-06-12'),
('Home Theater System', 8, 899.00, 35, 4.6, '2023-06-25'),
('Electric Standing Desk', 10, 699.90, 40, 4.5, '2023-07-04'),
('Smart Coffee Maker', 6, 219.99, 60, 4.3, '2023-07-15'),
('Dash Cam Guardian', 20, 159.00, 85, 4.4, '2023-07-28');

INSERT INTO orders (user_id, order_date, total_amount, status, payment_method) VALUES
(1, '2023-08-02 10:15:00', 1024.50, 'delivered', 'card'),
(2, '2023-08-04 15:20:00', 845.99, 'delivered', 'card'),
(3, '2023-08-06 12:05:00', 499.49, 'delivered', 'cash'),
(4, '2023-08-07 14:40:00', 329.90, 'processing', 'card'),
(5, '2023-08-08 18:10:00', 249.50, 'delivered', 'card'),
(6, '2023-08-10 09:55:00', 1349.00, 'shipped', 'card'),
(7, '2023-08-11 13:25:00', 375.80, 'delivered', 'card'),
(8, '2023-08-12 16:45:00', 980.40, 'delivered', 'card'),
(9, '2023-08-13 11:05:00', 229.90, 'pending', 'cash'),
(10, '2023-08-14 19:30:00', 699.99, 'delivered', 'card'),
(11, '2023-08-16 08:15:00', 899.90, 'delivered', 'card'),
(12, '2023-08-17 17:35:00', 540.20, 'processing', 'card'),
(13, '2023-08-18 10:50:00', 1115.75, 'delivered', 'card'),
(14, '2023-08-19 13:05:00', 455.30, 'delivered', 'cash'),
(15, '2023-08-20 15:25:00', 329.80, 'shipped', 'card'),
(16, '2023-08-21 18:45:00', 415.20, 'delivered', 'card'),
(17, '2023-08-22 09:30:00', 799.40, 'processing', 'card'),
(18, '2023-08-23 14:10:00', 610.90, 'delivered', 'card'),
(19, '2023-08-24 20:00:00', 238.70, 'cancelled', 'card'),
(20, '2023-08-25 11:15:00', 199.95, 'pending', 'cash');

INSERT INTO order_items (order_id, product_id, quantity, price_at_time) VALUES
(1, 1, 1, 899.99),
(1, 11, 2, 62.25),
(2, 4, 1, 699.00),
(2, 5, 1, 249.90),
(3, 3, 2, 199.99),
(3, 6, 1, 149.50),
(4, 19, 1, 219.99),
(4, 11, 1, 89.90),
(5, 5, 1, 249.90),
(6, 2, 1, 1299.50),
(6, 3, 1, 199.99),
(7, 16, 2, 139.50),
(8, 8, 1, 429.00),
(8, 5, 1, 249.90),
(8, 6, 2, 149.50),
(9, 11, 1, 89.90),
(9, 3, 1, 199.99),
(10, 4, 1, 699.00),
(11, 17, 1, 899.00),
(11, 12, 1, 129.99),
(12, 18, 1, 699.90),
(12, 11, 1, 89.90),
(13, 15, 1, 499.00),
(13, 5, 1, 249.90),
(13, 10, 1, 299.99),
(14, 6, 1, 149.50),
(14, 3, 1, 199.99),
(15, 5, 1, 249.90),
(15, 3, 1, 199.99),
(16, 7, 1, 349.99),
(16, 11, 1, 89.90),
(17, 8, 1, 429.00),
(17, 11, 2, 89.90),
(18, 9, 1, 179.99),
(18, 5, 1, 249.90),
(18, 3, 1, 199.99),
(19, 11, 1, 89.90),
(19, 6, 1, 149.50),
(19, 3, 1, 199.99),
(20, 11, 2, 89.90),
(20, 5, 1, 249.90);

INSERT INTO reviews (user_id, product_id, rating, review_text, created_at, helpful_count) VALUES
(1, 1, 5, 'Excellent ultrabook for travel.', '2023-08-05 11:00:00', 12),
(2, 4, 4, 'Solid phone with great camera.', '2023-08-06 13:10:00', 8),
(3, 3, 5, 'Headphones cancel noise perfectly.', '2023-08-07 09:00:00', 5),
(4, 5, 3, 'Battery life could be better.', '2023-08-08 14:30:00', 3),
(5, 6, 4, 'Speaker has rich sound.', '2023-08-09 17:45:00', 4),
(6, 2, 5, 'Gaming beast!', '2023-08-10 19:25:00', 9),
(7, 8, 4, 'Makes cleaning easy.', '2023-08-11 10:15:00', 6),
(8, 7, 5, 'Great for outdoor shoots.', '2023-08-12 13:50:00', 7),
(9, 9, 4, 'Healthy meals in minutes.', '2023-08-13 16:05:00', 2),
(10, 10, 5, 'Highly comfortable chair.', '2023-08-14 18:20:00', 5),
(11, 11, 4, 'Minimalist keyboard design.', '2023-08-15 07:40:00', 2),
(12, 12, 4, 'Smart sensor is reliable.', '2023-08-16 11:05:00', 3),
(13, 13, 5, 'Lens is incredibly sharp.', '2023-08-17 14:55:00', 11),
(14, 14, 4, 'Helps to save energy.', '2023-08-18 08:33:00', 4),
(15, 15, 5, 'Portable projector is bright.', '2023-08-19 12:22:00', 5),
(16, 16, 4, 'Tracker motivates workouts.', '2023-08-20 10:10:00', 3),
(17, 17, 5, 'Immersive cinema experience.', '2023-08-21 09:45:00', 8),
(18, 18, 5, 'Desk is sturdy and smooth.', '2023-08-22 16:25:00', 6),
(19, 19, 4, 'Coffee maker automates mornings.', '2023-08-23 07:35:00', 4),
(20, 20, 4, 'Dash cam footage is crisp.', '2023-08-24 21:15:00', 2);

INSERT INTO monthly_reports (report_month, total_orders, total_revenue, average_order_value, new_users, delivered_orders, cancelled_orders) VALUES
('2023-01-01', 220, 185000.00, 840.91, 120, 200, 5),
('2023-02-01', 240, 198500.00, 827.08, 130, 218, 6),
('2023-03-01', 260, 215300.00, 827.31, 145, 233, 7),
('2023-04-01', 255, 210450.00, 825.29, 138, 225, 8),
('2023-05-01', 270, 225900.00, 837.41, 150, 240, 9),
('2023-06-01', 280, 232100.00, 828.93, 160, 248, 10),
('2023-07-01', 295, 245600.00, 832.54, 170, 260, 12),
('2023-08-01', 310, 258900.00, 835.16, 180, 275, 11),
('2023-09-01', 320, 269500.00, 842.19, 185, 283, 12),
('2023-10-01', 330, 279000.00, 845.45, 190, 290, 13),
('2023-11-01', 340, 288200.00, 848.24, 195, 300, 14),
('2023-12-01', 360, 305000.00, 847.22, 210, 318, 15),
('2024-01-01', 375, 318500.00, 850.67, 215, 330, 16),
('2024-02-01', 365, 310200.00, 850.14, 205, 322, 14),
('2024-03-01', 380, 323900.00, 852.37, 220, 335, 13),
('2024-04-01', 395, 336500.00, 852.53, 225, 348, 12),
('2024-05-01', 410, 349800.00, 853.17, 230, 362, 11),
('2024-06-01', 425, 361200.00, 850.94, 240, 375, 10),
('2024-07-01', 435, 370600.00, 852.07, 245, 383, 9),
('2024-08-01', 450, 382900.00, 850.89, 255, 395, 8);

COMMIT;
